timestamp,scenario,condition,trial,success,latency,attempts,tokens,stop_reason,confidence_score,TC,SC,MS
20260323_135100,L1-A,bl0,1,False,0.54,1,,error,,,,
20260323_135100,L1-A,bl0,2,False,0.16,1,,error,,,,
20260323_135100,L1-A,bl0,3,False,0.203,1,,error,,,,
20260323_135100,L1-A,bl0,4,False,0.176,1,,error,,,,
20260323_135100,L1-A,bl0,5,False,0.253,1,,error,,,,
20260323_135100,L1-A,bl0,6,False,0.179,1,,error,,,,
20260323_135100,L1-A,bl0,7,False,0.181,1,,error,,,,
20260323_135100,L1-A,bl0,8,False,0.253,1,,error,,,,
20260323_135100,L1-A,bl0,9,False,0.169,1,,error,,,,
20260323_135100,L1-A,bl0,10,False,0.141,1,,error,,,,
20260323_135100,L1-A,bl0,11,False,0.15,1,,error,,,,
20260323_135100,L1-A,bl0,12,False,0.143,1,,error,,,,
20260323_135100,L1-A,bl0,13,False,0.149,1,,error,,,,
20260323_135100,L1-A,bl0,14,False,0.17,1,,error,,,,
20260323_135100,L1-A,bl0,15,False,0.199,1,,error,,,,
20260323_135100,L1-A,bl0,16,False,0.147,1,,error,,,,
20260323_135100,L1-A,bl0,17,False,0.137,1,,error,,,,
20260323_135100,L1-A,bl0,18,False,0.15,1,,error,,,,
20260323_135100,L1-A,bl0,19,False,0.177,1,,error,,,,
20260323_135100,L1-A,bl0,20,False,0.18,1,,error,,,,
20260323_135100,L1-A,bl1,1,True,1.804,1,500,success,,,,
20260323_135100,L1-A,bl1,2,True,3.02,1,500,success,,,,
20260323_135100,L1-A,bl1,3,True,1.357,1,500,success,,,,
20260323_135100,L1-A,bl1,4,True,2.348,1,500,success,,,,
20260323_135100,L1-A,bl1,5,True,1.593,1,500,success,,,,
20260323_135100,L1-A,bl1,6,True,2.012,1,500,success,,,,
20260323_135100,L1-A,bl1,7,True,1.321,1,500,success,,,,
20260323_135100,L1-A,bl1,8,True,1.252,1,500,success,,,,
20260323_135100,L1-A,bl1,9,True,1.32,1,500,success,,,,
20260323_135100,L1-A,bl1,10,True,1.436,1,500,success,,,,
20260323_135100,L1-A,bl1,11,True,1.097,1,500,success,,,,
20260323_135100,L1-A,bl1,12,True,1.354,1,500,success,,,,
20260323_135100,L1-A,bl1,13,True,0.134,1,500,success,,,,
20260323_135100,L1-A,bl1,14,True,1.542,1,500,success,,,,
20260323_135100,L1-A,bl1,15,True,1.055,1,500,success,,,,
20260323_135100,L1-A,bl1,16,True,1.401,1,500,success,,,,
20260323_135100,L1-A,bl1,17,True,1.12,1,500,success,,,,
20260323_135100,L1-A,bl1,18,True,1.387,1,500,success,,,,
20260323_135100,L1-A,bl1,19,True,1.264,1,500,success,,,,
20260323_135100,L1-A,bl1,20,True,0.123,1,500,success,,,,
20260323_135100,L1-A,proposed,1,True,0.187,1,500,success,0.8,1.0,1.0,0.0
20260323_135100,L1-A,proposed,2,True,0.355,1,500,success,1.0,1.0,1.0,1.0
20260323_135100,L1-A,proposed,3,True,1.47,1,500,success,1.0,1.0,1.0,1.0
20260323_135100,L1-A,proposed,4,True,1.619,1,500,success,1.0,1.0,1.0,1.0
20260323_135100,L1-A,proposed,5,True,1.205,1,500,success,1.0,1.0,1.0,1.0
20260323_135100,L1-A,proposed,6,True,1.204,1,500,success,1.0,1.0,1.0,1.0
20260323_135100,L1-A,proposed,7,True,1.605,1,500,success,1.0,1.0,1.0,1.0
20260323_135100,L1-A,proposed,8,True,1.152,1,500,success,1.0,1.0,1.0,1.0
20260323_135100,L1-A,proposed,9,True,2.059,1,500,success,1.0,1.0,1.0,1.0
20260323_135100,L1-A,proposed,10,True,1.97,1,500,success,1.0,1.0,1.0,1.0
20260323_135100,L1-A,proposed,11,True,1.72,1,500,success,1.0,1.0,1.0,1.0
20260323_135100,L1-A,proposed,12,True,1.889,1,500,success,1.0,1.0,1.0,1.0
20260323_135100,L1-A,proposed,13,True,1.181,1,500,success,1.0,1.0,1.0,1.0
20260323_135100,L1-A,proposed,14,True,1.915,1,500,success,1.0,1.0,1.0,1.0
20260323_135100,L1-A,proposed,15,True,0.464,1,500,success,1.0,1.0,1.0,1.0
20260323_135100,L1-A,proposed,16,True,1.188,1,500,success,1.0,1.0,1.0,1.0
20260323_135100,L1-A,proposed,17,True,1.265,1,500,success,1.0,1.0,1.0,1.0
20260323_135100,L1-A,proposed,18,True,1.893,1,500,success,1.0,1.0,1.0,1.0
20260323_135100,L1-A,proposed,19,True,1.11,1,500,success,1.0,1.0,1.0,1.0
20260323_135100,L1-A,proposed,20,True,0.246,1,500,success,1.0,1.0,1.0,1.0
20260323_135100,L1-B,bl0,1,False,0.134,1,,error,,,,
20260323_135100,L1-B,bl0,2,False,0.123,1,,error,,,,
20260323_135100,L1-B,bl0,3,False,0.13,1,,error,,,,
20260323_135100,L1-B,bl0,4,False,0.142,1,,error,,,,
20260323_135100,L1-B,bl0,5,False,0.175,1,,error,,,,
20260323_135100,L1-B,bl0,6,False,0.117,1,,error,,,,
20260323_135100,L1-B,bl0,7,False,0.116,1,,error,,,,
20260323_135100,L1-B,bl0,8,False,0.124,1,,error,,,,
20260323_135100,L1-B,bl0,9,False,0.107,1,,error,,,,
20260323_135100,L1-B,bl0,10,False,0.145,1,,error,,,,
20260323_135100,L1-B,bl0,11,False,0.14,1,,error,,,,
20260323_135100,L1-B,bl0,12,False,0.142,1,,error,,,,
20260323_135100,L1-B,bl0,13,False,0.154,1,,error,,,,
20260323_135100,L1-B,bl0,14,False,0.139,1,,error,,,,
20260323_135100,L1-B,bl0,15,False,0.117,1,,error,,,,
20260323_135100,L1-B,bl0,16,False,0.104,1,,error,,,,
20260323_135100,L1-B,bl0,17,False,0.106,1,,error,,,,
20260323_135100,L1-B,bl0,18,False,0.108,1,,error,,,,
20260323_135100,L1-B,bl0,19,False,0.126,1,,error,,,,
20260323_135100,L1-B,bl0,20,False,0.137,1,,error,,,,
20260323_135100,L1-B,bl1,1,True,1.41,1,500,success,,,,
20260323_135100,L1-B,bl1,2,True,1.003,1,500,success,,,,
20260323_135100,L1-B,bl1,3,True,0.167,1,500,success,,,,
20260323_135100,L1-B,bl1,4,True,0.985,1,500,success,,,,
20260323_135100,L1-B,bl1,5,True,0.177,1,500,success,,,,
20260323_135100,L1-B,bl1,6,True,1.501,1,500,success,,,,
20260323_135100,L1-B,bl1,7,True,0.123,1,500,success,,,,
20260323_135100,L1-B,bl1,8,True,1.038,1,500,success,,,,
20260323_135100,L1-B,bl1,9,True,1.044,1,500,success,,,,
20260323_135100,L1-B,bl1,10,True,1.374,1,500,success,,,,
20260323_135100,L1-B,bl1,11,True,1.611,1,500,success,,,,
20260323_135100,L1-B,bl1,12,True,0.14,1,500,success,,,,
20260323_135100,L1-B,bl1,13,True,0.876,1,500,success,,,,
20260323_135100,L1-B,bl1,14,True,1.187,1,500,success,,,,
20260323_135100,L1-B,bl1,15,True,1.647,1,500,success,,,,
20260323_135100,L1-B,bl1,16,True,1.067,1,500,success,,,,
20260323_135100,L1-B,bl1,17,True,0.193,1,500,success,,,,
20260323_135100,L1-B,bl1,18,True,1.0,1,500,success,,,,
20260323_135100,L1-B,bl1,19,True,0.997,1,500,success,,,,
20260323_135100,L1-B,bl1,20,True,1.525,1,500,success,,,,
20260323_135100,L1-B,proposed,1,True,0.911,1,500,success,0.8,1.0,1.0,0.0
20260323_135100,L1-B,proposed,2,True,1.835,1,500,success,1.0,1.0,1.0,1.0
20260323_135100,L1-B,proposed,3,True,1.196,1,500,success,1.0,1.0,1.0,1.0
20260323_135100,L1-B,proposed,4,True,1.382,1,500,success,1.0,1.0,1.0,1.0
20260323_135100,L1-B,proposed,5,True,1.894,1,500,success,1.0,1.0,1.0,1.0
20260323_135100,L1-B,proposed,6,True,1.668,1,500,success,1.0,1.0,1.0,1.0
20260323_135100,L1-B,proposed,7,True,1.433,1,500,success,1.0,1.0,1.0,1.0
20260323_135100,L1-B,proposed,8,True,1.328,1,500,success,1.0,1.0,1.0,1.0
20260323_135100,L1-B,proposed,9,True,0.212,1,500,success,1.0,1.0,1.0,1.0
20260323_135100,L1-B,proposed,10,True,1.311,1,500,success,1.0,1.0,1.0,1.0
20260323_135100,L1-B,proposed,11,True,1.872,1,500,success,1.0,1.0,1.0,1.0
20260323_135100,L1-B,proposed,12,True,1.425,1,500,success,1.0,1.0,1.0,1.0
20260323_135100,L1-B,proposed,13,True,1.435,1,500,success,1.0,1.0,1.0,1.0
20260323_135100,L1-B,proposed,14,True,1.466,1,500,success,1.0,1.0,1.0,1.0
20260323_135100,L1-B,proposed,15,True,1.291,1,500,success,1.0,1.0,1.0,1.0
20260323_135100,L1-B,proposed,16,True,1.174,1,500,success,1.0,1.0,1.0,1.0
20260323_135100,L1-B,proposed,17,True,1.734,1,500,success,1.0,1.0,1.0,1.0
20260323_135100,L1-B,proposed,18,True,1.474,1,500,success,1.0,1.0,1.0,1.0
20260323_135100,L1-B,proposed,19,True,1.254,1,500,success,1.0,1.0,1.0,1.0
20260323_135100,L1-B,proposed,20,True,1.926,1,500,success,1.0,1.0,1.0,1.0
20260323_135100,L1-C,bl0,1,False,0.106,1,,error,,,,
20260323_135100,L1-C,bl0,2,False,0.142,1,,error,,,,
20260323_135100,L1-C,bl0,3,False,0.133,1,,error,,,,
20260323_135100,L1-C,bl0,4,False,0.11,1,,error,,,,
20260323_135100,L1-C,bl0,5,False,0.105,1,,error,,,,
20260323_135100,L1-C,bl0,6,False,0.13,1,,error,,,,
20260323_135100,L1-C,bl0,7,False,0.123,1,,error,,,,
20260323_135100,L1-C,bl0,8,False,0.111,1,,error,,,,
20260323_135100,L1-C,bl0,9,False,0.133,1,,error,,,,
20260323_135100,L1-C,bl0,10,False,0.132,1,,error,,,,
20260323_135100,L1-C,bl0,11,False,0.18,1,,error,,,,
20260323_135100,L1-C,bl0,12,False,0.111,1,,error,,,,
20260323_135100,L1-C,bl0,13,False,0.099,1,,error,,,,
20260323_135100,L1-C,bl0,14,False,0.118,1,,error,,,,
20260323_135100,L1-C,bl0,15,False,0.133,1,,error,,,,
20260323_135100,L1-C,bl0,16,False,0.113,1,,error,,,,
20260323_135100,L1-C,bl0,17,False,0.125,1,,error,,,,
20260323_135100,L1-C,bl0,18,False,0.117,1,,error,,,,
20260323_135100,L1-C,bl0,19,False,0.128,1,,error,,,,
20260323_135100,L1-C,bl0,20,False,0.122,1,,error,,,,
20260323_135100,L1-C,bl1,1,True,1.335,1,500,success,,,,
20260323_135100,L1-C,bl1,2,True,0.985,1,500,success,,,,
20260323_135100,L1-C,bl1,3,True,1.121,1,500,success,,,,
20260323_135100,L1-C,bl1,4,True,0.136,1,500,success,,,,
20260323_135100,L1-C,bl1,5,True,0.993,1,500,success,,,,
20260323_135100,L1-C,bl1,6,True,1.189,1,500,success,,,,
20260323_135100,L1-C,bl1,7,True,1.193,1,500,success,,,,
20260323_135100,L1-C,bl1,8,True,1.059,1,500,success,,,,
20260323_135100,L1-C,bl1,9,True,1.229,1,500,success,,,,
20260323_135100,L1-C,bl1,10,True,2.053,1,500,success,,,,
20260323_135100,L1-C,bl1,11,True,1.197,1,500,success,,,,
20260323_135100,L1-C,bl1,12,True,1.163,1,500,success,,,,
20260323_135100,L1-C,bl1,13,True,0.132,1,500,success,,,,
20260323_135100,L1-C,bl1,14,True,1.25,1,500,success,,,,
20260323_135100,L1-C,bl1,15,True,1.079,1,500,success,,,,
20260323_135100,L1-C,bl1,16,True,0.19,1,500,success,,,,
20260323_135100,L1-C,bl1,17,True,0.925,1,500,success,,,,
20260323_135100,L1-C,bl1,18,True,1.235,1,500,success,,,,
20260323_135100,L1-C,bl1,19,True,1.506,1,500,success,,,,
20260323_135100,L1-C,bl1,20,True,1.151,1,500,success,,,,
20260323_135100,L1-C,proposed,1,True,0.905,1,500,success,0.8,1.0,1.0,0.0
20260323_135100,L1-C,proposed,2,True,1.575,1,500,success,1.0,1.0,1.0,1.0
20260323_135100,L1-C,proposed,3,True,2.081,1,500,success,1.0,1.0,1.0,1.0
20260323_135100,L1-C,proposed,4,True,1.53,1,500,success,1.0,1.0,1.0,1.0
20260323_135100,L1-C,proposed,5,True,1.328,1,500,success,1.0,1.0,1.0,1.0
20260323_135100,L1-C,proposed,6,True,3.091,1,500,success,1.0,1.0,1.0,1.0
20260323_135100,L1-C,proposed,7,True,1.778,1,500,success,1.0,1.0,1.0,1.0
20260323_135100,L1-C,proposed,8,True,2.119,1,500,success,1.0,1.0,1.0,1.0
20260323_135100,L1-C,proposed,9,True,1.323,2,1000,success,1.0,1.0,1.0,1.0
20260323_135100,L1-C,proposed,10,True,1.532,2,1000,success,1.0,1.0,1.0,1.0
20260323_135100,L1-C,proposed,11,True,1.433,3,1500,success,1.0,1.0,1.0,1.0
20260323_135100,L1-C,proposed,12,True,1.641,2,1000,success,1.0,1.0,1.0,1.0
20260323_135100,L1-C,proposed,13,True,2.972,2,1000,success,1.0,1.0,1.0,1.0
20260323_135100,L1-C,proposed,14,True,1.423,4,2000,success,1.0,1.0,1.0,1.0
20260323_135100,L1-C,proposed,15,True,1.72,1,500,success,1.0,1.0,1.0,1.0
20260323_135100,L1-C,proposed,16,True,2.11,1,500,success,1.0,1.0,1.0,1.0
20260323_135100,L1-C,proposed,17,True,1.132,1,500,success,1.0,1.0,1.0,1.0
20260323_135100,L1-C,proposed,18,True,1.183,2,1000,success,1.0,1.0,1.0,1.0
20260323_135100,L1-C,proposed,19,True,1.389,1,500,success,1.0,1.0,1.0,1.0
20260323_135100,L1-C,proposed,20,True,1.802,3,1500,success,1.0,1.0,1.0,1.0
20260323_135100,L2-A,bl0,1,False,0.12,1,,error,,,,
20260323_135100,L2-A,bl0,2,False,0.114,1,,error,,,,
20260323_135100,L2-A,bl0,3,False,0.141,1,,error,,,,
20260323_135100,L2-A,bl0,4,False,0.132,1,,error,,,,
20260323_135100,L2-A,bl0,5,False,0.109,1,,error,,,,
20260323_135100,L2-A,bl0,6,False,0.116,1,,error,,,,
20260323_135100,L2-A,bl0,7,False,0.131,1,,error,,,,
20260323_135100,L2-A,bl0,8,False,0.168,1,,error,,,,
20260323_135100,L2-A,bl0,9,False,0.117,1,,error,,,,
20260323_135100,L2-A,bl0,10,False,0.116,1,,error,,,,
20260323_135100,L2-A,bl0,11,False,0.19,1,,error,,,,
20260323_135100,L2-A,bl0,12,False,0.139,1,,error,,,,
20260323_135100,L2-A,bl0,13,False,0.117,1,,error,,,,
20260323_135100,L2-A,bl0,14,False,0.113,1,,error,,,,
20260323_135100,L2-A,bl0,15,False,0.103,1,,error,,,,
20260323_135100,L2-A,bl0,16,False,0.117,1,,error,,,,
20260323_135100,L2-A,bl0,17,False,0.118,1,,error,,,,
20260323_135100,L2-A,bl0,18,False,0.104,1,,error,,,,
20260323_135100,L2-A,bl0,19,False,0.122,1,,error,,,,
20260323_135100,L2-A,bl0,20,False,0.117,1,,error,,,,
20260323_135100,L2-A,bl1,1,True,1.531,1,500,success,,,,
20260323_135100,L2-A,bl1,2,True,0.96,1,500,success,,,,
20260323_135100,L2-A,bl1,3,True,0.998,1,500,success,,,,
20260323_135100,L2-A,bl1,4,True,1.172,1,500,success,,,,
20260323_135100,L2-A,bl1,5,True,0.086,1,500,success,,,,
20260323_135100,L2-A,bl1,6,True,1.432,1,500,success,,,,
20260323_135100,L2-A,bl1,7,True,0.097,1,500,success,,,,
20260323_135100,L2-A,bl1,8,True,0.846,1,500,success,,,,
20260323_135100,L2-A,bl1,9,True,1.086,1,500,success,,,,
20260323_135100,L2-A,bl1,10,True,0.064,1,500,success,,,,
20260323_135100,L2-A,bl1,11,True,1.017,1,500,success,,,,
20260323_135100,L2-A,bl1,12,True,1.347,1,500,success,,,,
20260323_135100,L2-A,bl1,13,True,0.072,1,500,success,,,,
20260323_135100,L2-A,bl1,14,True,0.869,1,500,success,,,,
20260323_135100,L2-A,bl1,15,True,0.9,1,500,success,,,,
20260323_135100,L2-A,bl1,16,True,1.071,1,500,success,,,,
20260323_135100,L2-A,bl1,17,True,1.572,1,500,success,,,,
20260323_135100,L2-A,bl1,18,True,0.097,1,500,success,,,,
20260323_135100,L2-A,bl1,19,True,0.874,1,500,success,,,,
20260323_135100,L2-A,bl1,20,True,0.992,1,500,success,,,,
20260323_135100,L2-A,proposed,1,True,0.752,1,500,success,0.8,1.0,1.0,0.0
20260323_135100,L2-A,proposed,2,True,1.343,1,500,success,1.0,1.0,1.0,1.0
20260323_135100,L2-A,proposed,3,True,1.885,1,500,success,1.0,1.0,1.0,1.0
20260323_135100,L2-A,proposed,4,True,1.306,1,500,success,1.0,1.0,1.0,1.0
20260323_135100,L2-A,proposed,5,True,1.434,1,500,success,1.0,1.0,1.0,1.0
20260323_135100,L2-A,proposed,6,True,1.701,1,500,success,1.0,1.0,1.0,1.0
20260323_135100,L2-A,proposed,7,True,1.22,2,1000,success,1.0,1.0,1.0,1.0
20260323_135100,L2-A,proposed,8,True,1.804,1,500,success,1.0,1.0,1.0,1.0
20260323_135100,L2-A,proposed,9,True,0.327,1,500,success,1.0,1.0,1.0,1.0
20260323_135100,L2-A,proposed,10,True,1.188,1,500,success,1.0,1.0,1.0,1.0
20260323_135100,L2-A,proposed,11,True,0.182,1,500,success,1.0,1.0,1.0,1.0
20260323_135100,L2-A,proposed,12,True,1.592,1,500,success,1.0,1.0,1.0,1.0
20260323_135100,L2-A,proposed,13,True,1.223,3,1500,success,1.0,1.0,1.0,1.0
20260323_135100,L2-A,proposed,14,True,1.35,1,500,success,1.0,1.0,1.0,1.0
20260323_135100,L2-A,proposed,15,True,1.429,2,1000,success,1.0,1.0,1.0,1.0
20260323_135100,L2-A,proposed,16,True,1.436,1,500,success,1.0,1.0,1.0,1.0
20260323_135100,L2-A,proposed,17,True,1.781,2,1000,success,1.0,1.0,1.0,1.0
20260323_135100,L2-A,proposed,18,True,2.435,1,500,success,1.0,1.0,1.0,1.0
20260323_135100,L2-A,proposed,19,True,1.632,1,500,success,1.0,1.0,1.0,1.0
20260323_135100,L2-A,proposed,20,True,1.147,1,500,success,1.0,1.0,1.0,1.0
20260323_135100,L2-B,bl0,1,False,0.113,1,,error,,,,
20260323_135100,L2-B,bl0,2,False,0.114,1,,error,,,,
20260323_135100,L2-B,bl0,3,False,0.126,1,,error,,,,
20260323_135100,L2-B,bl0,4,False,0.117,1,,error,,,,
20260323_135100,L2-B,bl0,5,False,0.121,1,,error,,,,
20260323_135100,L2-B,bl0,6,False,0.103,1,,error,,,,
20260323_135100,L2-B,bl0,7,False,0.106,1,,error,,,,
20260323_135100,L2-B,bl0,8,False,0.144,1,,error,,,,
20260323_135100,L2-B,bl0,9,False,0.131,1,,error,,,,
20260323_135100,L2-B,bl0,10,False,0.155,1,,error,,,,
20260323_135100,L2-B,bl0,11,False,0.121,1,,error,,,,
20260323_135100,L2-B,bl0,12,False,0.165,1,,error,,,,
20260323_135100,L2-B,bl0,13,False,0.12,1,,error,,,,
20260323_135100,L2-B,bl0,14,False,0.12,1,,error,,,,
20260323_135100,L2-B,bl0,15,False,0.108,1,,error,,,,
20260323_135100,L2-B,bl0,16,False,0.119,1,,error,,,,
20260323_135100,L2-B,bl0,17,False,0.104,1,,error,,,,
20260323_135100,L2-B,bl0,18,False,0.11,1,,error,,,,
20260323_135100,L2-B,bl0,19,False,0.101,1,,error,,,,
20260323_135100,L2-B,bl0,20,False,0.123,1,,error,,,,
20260323_135100,L2-B,bl1,1,True,1.642,1,500,success,,,,
20260323_135100,L2-B,bl1,2,True,1.037,1,500,success,,,,
20260323_135100,L2-B,bl1,3,True,0.986,1,500,success,,,,
20260323_135100,L2-B,bl1,4,True,0.086,1,500,success,,,,
20260323_135100,L2-B,bl1,5,True,1.597,1,500,success,,,,
20260323_135100,L2-B,bl1,6,True,0.128,1,500,success,,,,
20260323_135100,L2-B,bl1,7,True,0.997,1,500,success,,,,
20260323_135100,L2-B,bl1,8,True,0.062,1,500,success,,,,
20260323_135100,L2-B,bl1,9,True,1.005,1,500,success,,,,
20260323_135100,L2-B,bl1,10,True,1.057,1,500,success,,,,
20260323_135100,L2-B,bl1,11,True,1.661,1,500,success,,,,
20260323_135100,L2-B,bl1,12,True,0.069,1,500,success,,,,
20260323_135100,L2-B,bl1,13,True,1.404,1,500,success,,,,
20260323_135100,L2-B,bl1,14,True,1.175,1,500,success,,,,
20260323_135100,L2-B,bl1,15,True,1.223,1,500,success,,,,
20260323_135100,L2-B,bl1,16,True,0.111,1,500,success,,,,
20260323_135100,L2-B,bl1,17,True,1.082,1,500,success,,,,
20260323_135100,L2-B,bl1,18,True,0.074,1,500,success,,,,
20260323_135100,L2-B,bl1,19,True,1.035,1,500,success,,,,
20260323_135100,L2-B,bl1,20,True,0.088,1,500,success,,,,
20260323_135100,L2-B,proposed,1,True,1.741,1,500,success,0.5,1.0,0.0,0.0
20260323_135100,L2-B,proposed,2,True,1.338,2,1000,success,0.7,1.0,0.0,1.0
20260323_135100,L2-B,proposed,3,True,0.336,1,500,success,0.7,1.0,0.0,1.0
20260323_135100,L2-B,proposed,4,True,1.66,3,1500,success,0.7,1.0,0.0,1.0
20260323_135100,L2-B,proposed,5,True,1.304,1,500,success,0.7,1.0,0.0,1.0
20260323_135100,L2-B,proposed,6,True,1.477,3,1500,success,0.7,1.0,0.0,1.0
20260323_135100,L2-B,proposed,7,True,1.454,1,500,success,0.7,1.0,0.0,1.0
20260323_135100,L2-B,proposed,8,True,1.325,1,500,success,0.7,1.0,0.0,1.0
20260323_135100,L2-B,proposed,9,True,1.058,2,1000,success,0.7,1.0,0.0,1.0
20260323_135100,L2-B,proposed,10,True,1.052,1,500,success,0.7,1.0,0.0,1.0
20260323_135100,L2-B,proposed,11,True,0.379,1,500,success,0.7,1.0,0.0,1.0
20260323_135100,L2-B,proposed,12,True,1.646,1,500,success,0.7,1.0,0.0,1.0
20260323_135100,L2-B,proposed,13,True,1.123,1,500,success,0.7,1.0,0.0,1.0
20260323_135100,L2-B,proposed,14,True,1.926,1,500,success,0.7,1.0,0.0,1.0
20260323_135100,L2-B,proposed,15,True,1.536,1,500,success,0.7,1.0,0.0,1.0
20260323_135100,L2-B,proposed,16,True,1.24,2,1000,success,0.7,1.0,0.0,1.0
20260323_135100,L2-B,proposed,17,True,1.594,1,500,success,0.7,1.0,0.0,1.0
20260323_135100,L2-B,proposed,18,True,0.352,1,500,success,0.7,1.0,0.0,1.0
20260323_135100,L2-B,proposed,19,True,1.151,3,1500,success,0.7,1.0,0.0,1.0
20260323_135100,L2-B,proposed,20,True,1.322,1,500,success,0.7,1.0,0.0,1.0
20260323_135100,L2-C,bl0,1,False,0.119,1,,error,,,,
20260323_135100,L2-C,bl0,2,False,0.103,1,,error,,,,
20260323_135100,L2-C,bl0,3,False,0.131,1,,error,,,,
20260323_135100,L2-C,bl0,4,False,0.11,1,,error,,,,
20260323_135100,L2-C,bl0,5,False,0.119,1,,error,,,,
20260323_135100,L2-C,bl0,6,False,0.114,1,,error,,,,
20260323_135100,L2-C,bl0,7,False,0.12,1,,error,,,,
20260323_135100,L2-C,bl0,8,False,0.146,1,,error,,,,
20260323_135100,L2-C,bl0,9,False,0.14,1,,error,,,,
20260323_135100,L2-C,bl0,10,False,0.105,1,,error,,,,
20260323_135100,L2-C,bl0,11,False,0.109,1,,error,,,,
20260323_135100,L2-C,bl0,12,False,0.144,1,,error,,,,
20260323_135100,L2-C,bl0,13,False,0.129,1,,error,,,,
20260323_135100,L2-C,bl0,14,False,0.101,1,,error,,,,
20260323_135100,L2-C,bl0,15,False,0.127,1,,error,,,,
20260323_135100,L2-C,bl0,16,False,0.104,1,,error,,,,
20260323_135100,L2-C,bl0,17,False,0.115,1,,error,,,,
20260323_135100,L2-C,bl0,18,False,0.094,1,,error,,,,
20260323_135100,L2-C,bl0,19,False,0.119,1,,error,,,,
20260323_135100,L2-C,bl0,20,False,0.103,1,,error,,,,
20260323_135100,L2-C,bl1,1,True,2.316,1,500,success,,,,
20260323_135100,L2-C,bl1,2,True,0.085,1,500,success,,,,
20260323_135100,L2-C,bl1,3,True,0.879,1,500,success,,,,
20260323_135100,L2-C,bl1,4,True,1.123,1,500,success,,,,
20260323_135100,L2-C,bl1,5,True,0.097,1,500,success,,,,
20260323_135100,L2-C,bl1,6,True,1.373,1,500,success,,,,
20260323_135100,L2-C,bl1,7,True,0.955,1,500,success,,,,
20260323_135100,L2-C,bl1,8,True,0.881,1,500,success,,,,
20260323_135100,L2-C,bl1,9,True,0.064,1,500,success,,,,
20260323_135100,L2-C,bl1,10,True,0.896,1,500,success,,,,
20260323_135100,L2-C,bl1,11,True,1.03,1,500,success,,,,
20260323_135100,L2-C,bl1,12,True,1.281,1,500,success,,,,
20260323_135100,L2-C,bl1,13,True,0.073,1,500,success,,,,
20260323_135100,L2-C,bl1,14,True,0.824,1,500,success,,,,
20260323_135100,L2-C,bl1,15,True,1.117,1,500,success,,,,
20260323_135100,L2-C,bl1,16,True,0.068,1,500,success,,,,
20260323_135100,L2-C,bl1,17,True,1.188,1,500,success,,,,
20260323_135100,L2-C,bl1,18,True,1.169,1,500,success,,,,
20260323_135100,L2-C,bl1,19,True,0.07,1,500,success,,,,
20260323_135100,L2-C,bl1,20,True,0.934,1,500,success,,,,
20260323_135100,L2-C,proposed,1,True,1.461,1,500,success,0.5,1.0,0.0,0.0
20260323_135100,L2-C,proposed,2,True,1.181,3,1500,success,0.7,1.0,0.0,1.0
20260323_135100,L2-C,proposed,3,True,1.72,1,500,success,0.7,1.0,0.0,1.0
20260323_135100,L2-C,proposed,4,True,1.13,3,1500,success,0.7,1.0,0.0,1.0
20260323_135100,L2-C,proposed,5,True,1.671,1,500,success,0.7,1.0,0.0,1.0
20260323_135100,L2-C,proposed,6,True,1.515,1,500,success,0.7,1.0,0.0,1.0
20260323_135100,L2-C,proposed,7,True,1.636,1,500,success,0.7,1.0,0.0,1.0
20260323_135100,L2-C,proposed,8,True,1.191,1,500,success,0.7,1.0,0.0,1.0
20260323_135100,L2-C,proposed,9,True,1.708,1,500,success,0.7,1.0,0.0,1.0
20260323_135100,L2-C,proposed,10,True,1.358,4,2000,success,0.7,1.0,0.0,1.0
20260323_135100,L2-C,proposed,11,True,1.794,1,500,success,0.7,1.0,0.0,1.0
20260323_135100,L2-C,proposed,12,True,2.211,2,1000,success,0.7,1.0,0.0,1.0
20260323_135100,L2-C,proposed,13,True,2.034,1,500,success,0.7,1.0,0.0,1.0
20260323_135100,L2-C,proposed,14,True,1.483,1,500,success,0.7,1.0,0.0,1.0
20260323_135100,L2-C,proposed,15,True,1.687,3,1500,success,0.7,1.0,0.0,1.0
20260323_135100,L2-C,proposed,16,True,1.643,1,500,success,0.7,1.0,0.0,1.0
20260323_135100,L2-C,proposed,17,True,1.788,1,500,success,0.7,1.0,0.0,1.0
20260323_135100,L2-C,proposed,18,True,0.26,1,500,success,0.7,1.0,0.0,1.0
20260323_135100,L2-C,proposed,19,True,1.738,5,2500,success,0.7,1.0,0.0,1.0
20260323_135100,L2-C,proposed,20,True,1.59,1,500,success,0.7,1.0,0.0,1.0
